facility_id,expected_yield
1,324211.89599999995
4,325891.1229999999
3,332890.6429999999
2,238276.05249999996
5,240154.70249999996
6,268732.117
7,230966.31700000004
8,285691.374
9,297319.00800000003
12,249406.70199999996
11,255145.40350000001
10,232629.01150000002
13,68697.4725
14,0.0
15,0.0
